-- MySQL dump 10.13  Distrib 5.1.54, for debian-linux-gnu (x86_64)
--
-- Host: localhost    Database: testlink
-- ------------------------------------------------------
-- Server version	5.1.54-1ubuntu4

/*!40101 SET @OLD_CHARACTER_SET_CLIENT=@@CHARACTER_SET_CLIENT */;
/*!40101 SET @OLD_CHARACTER_SET_RESULTS=@@CHARACTER_SET_RESULTS */;
/*!40101 SET @OLD_COLLATION_CONNECTION=@@COLLATION_CONNECTION */;
/*!40101 SET NAMES utf8 */;
/*!40103 SET @OLD_TIME_ZONE=@@TIME_ZONE */;
/*!40103 SET TIME_ZONE='+00:00' */;
/*!40014 SET @OLD_UNIQUE_CHECKS=@@UNIQUE_CHECKS, UNIQUE_CHECKS=0 */;
/*!40014 SET @OLD_FOREIGN_KEY_CHECKS=@@FOREIGN_KEY_CHECKS, FOREIGN_KEY_CHECKS=0 */;
/*!40101 SET @OLD_SQL_MODE=@@SQL_MODE, SQL_MODE='NO_AUTO_VALUE_ON_ZERO' */;
/*!40111 SET @OLD_SQL_NOTES=@@SQL_NOTES, SQL_NOTES=0 */;

--
-- Table structure for table `assignment_status`
--

DROP TABLE IF EXISTS `assignment_status`;
/*!40101 SET @saved_cs_client     = @@character_set_client */;
/*!40101 SET character_set_client = utf8 */;
CREATE TABLE `assignment_status` (
  `id` int(10) unsigned NOT NULL AUTO_INCREMENT,
  `description` varchar(100) NOT NULL DEFAULT 'unknown',
  PRIMARY KEY (`id`)
) ENGINE=MyISAM AUTO_INCREMENT=6 DEFAULT CHARSET=utf8;
/*!40101 SET character_set_client = @saved_cs_client */;

--
-- Dumping data for table `assignment_status`
--

LOCK TABLES `assignment_status` WRITE;
/*!40000 ALTER TABLE `assignment_status` DISABLE KEYS */;
INSERT INTO `assignment_status` VALUES (1,'open'),(2,'closed'),(3,'completed'),(4,'todo_urgent'),(5,'todo');
/*!40000 ALTER TABLE `assignment_status` ENABLE KEYS */;
UNLOCK TABLES;

--
-- Table structure for table `assignment_types`
--

DROP TABLE IF EXISTS `assignment_types`;
/*!40101 SET @saved_cs_client     = @@character_set_client */;
/*!40101 SET character_set_client = utf8 */;
CREATE TABLE `assignment_types` (
  `id` int(10) unsigned NOT NULL AUTO_INCREMENT,
  `fk_table` varchar(30) DEFAULT '',
  `description` varchar(100) NOT NULL DEFAULT 'unknown',
  PRIMARY KEY (`id`)
) ENGINE=MyISAM AUTO_INCREMENT=3 DEFAULT CHARSET=utf8;
/*!40101 SET character_set_client = @saved_cs_client */;

--
-- Dumping data for table `assignment_types`
--

LOCK TABLES `assignment_types` WRITE;
/*!40000 ALTER TABLE `assignment_types` DISABLE KEYS */;
INSERT INTO `assignment_types` VALUES (1,'testplan_tcversions','testcase_execution'),(2,'tcversions','testcase_review');
/*!40000 ALTER TABLE `assignment_types` ENABLE KEYS */;
UNLOCK TABLES;

--
-- Table structure for table `attachments`
--

DROP TABLE IF EXISTS `attachments`;
/*!40101 SET @saved_cs_client     = @@character_set_client */;
/*!40101 SET character_set_client = utf8 */;
CREATE TABLE `attachments` (
  `id` int(10) unsigned NOT NULL AUTO_INCREMENT,
  `fk_id` int(10) unsigned NOT NULL DEFAULT '0',
  `fk_table` varchar(250) DEFAULT '',
  `title` varchar(250) DEFAULT '',
  `description` varchar(250) DEFAULT '',
  `file_name` varchar(250) NOT NULL DEFAULT '',
  `file_path` varchar(250) DEFAULT '',
  `file_size` int(11) NOT NULL DEFAULT '0',
  `file_type` varchar(250) NOT NULL DEFAULT '',
  `date_added` datetime NOT NULL DEFAULT '0000-00-00 00:00:00',
  `content` longblob,
  `compression_type` int(11) NOT NULL DEFAULT '0',
  PRIMARY KEY (`id`)
) ENGINE=MyISAM DEFAULT CHARSET=utf8;
/*!40101 SET character_set_client = @saved_cs_client */;

--
-- Dumping data for table `attachments`
--

LOCK TABLES `attachments` WRITE;
/*!40000 ALTER TABLE `attachments` DISABLE KEYS */;
/*!40000 ALTER TABLE `attachments` ENABLE KEYS */;
UNLOCK TABLES;

--
-- Table structure for table `builds`
--

DROP TABLE IF EXISTS `builds`;
/*!40101 SET @saved_cs_client     = @@character_set_client */;
/*!40101 SET character_set_client = utf8 */;
CREATE TABLE `builds` (
  `id` int(10) unsigned NOT NULL AUTO_INCREMENT,
  `testplan_id` int(10) unsigned NOT NULL DEFAULT '0',
  `name` varchar(100) NOT NULL DEFAULT 'undefined',
  `notes` text,
  `active` tinyint(1) NOT NULL DEFAULT '1',
  `is_open` tinyint(1) NOT NULL DEFAULT '1',
  `author_id` int(10) unsigned DEFAULT NULL,
  `creation_ts` timestamp NOT NULL DEFAULT CURRENT_TIMESTAMP,
  `release_date` date DEFAULT NULL,
  `closed_on_date` date DEFAULT NULL,
  PRIMARY KEY (`id`),
  UNIQUE KEY `name` (`testplan_id`,`name`),
  KEY `testplan_id` (`testplan_id`)
) ENGINE=MyISAM DEFAULT CHARSET=utf8 COMMENT='Available builds';
/*!40101 SET character_set_client = @saved_cs_client */;

--
-- Dumping data for table `builds`
--

LOCK TABLES `builds` WRITE;
/*!40000 ALTER TABLE `builds` DISABLE KEYS */;
/*!40000 ALTER TABLE `builds` ENABLE KEYS */;
UNLOCK TABLES;

--
-- Table structure for table `cfield_design_values`
--

DROP TABLE IF EXISTS `cfield_design_values`;
/*!40101 SET @saved_cs_client     = @@character_set_client */;
/*!40101 SET character_set_client = utf8 */;
CREATE TABLE `cfield_design_values` (
  `field_id` int(10) NOT NULL DEFAULT '0',
  `node_id` int(10) NOT NULL DEFAULT '0',
  `value` varchar(4000) NOT NULL DEFAULT '',
  PRIMARY KEY (`field_id`,`node_id`),
  KEY `idx_cfield_design_values` (`node_id`)
) ENGINE=MyISAM DEFAULT CHARSET=utf8;
/*!40101 SET character_set_client = @saved_cs_client */;

--
-- Dumping data for table `cfield_design_values`
--

LOCK TABLES `cfield_design_values` WRITE;
/*!40000 ALTER TABLE `cfield_design_values` DISABLE KEYS */;
/*!40000 ALTER TABLE `cfield_design_values` ENABLE KEYS */;
UNLOCK TABLES;

--
-- Table structure for table `cfield_execution_values`
--

DROP TABLE IF EXISTS `cfield_execution_values`;
/*!40101 SET @saved_cs_client     = @@character_set_client */;
/*!40101 SET character_set_client = utf8 */;
CREATE TABLE `cfield_execution_values` (
  `field_id` int(10) NOT NULL DEFAULT '0',
  `execution_id` int(10) NOT NULL DEFAULT '0',
  `testplan_id` int(10) NOT NULL DEFAULT '0',
  `tcversion_id` int(10) NOT NULL DEFAULT '0',
  `value` varchar(4000) NOT NULL DEFAULT '',
  PRIMARY KEY (`field_id`,`execution_id`,`testplan_id`,`tcversion_id`)
) ENGINE=MyISAM DEFAULT CHARSET=utf8;
/*!40101 SET character_set_client = @saved_cs_client */;

--
-- Dumping data for table `cfield_execution_values`
--

LOCK TABLES `cfield_execution_values` WRITE;
/*!40000 ALTER TABLE `cfield_execution_values` DISABLE KEYS */;
/*!40000 ALTER TABLE `cfield_execution_values` ENABLE KEYS */;
UNLOCK TABLES;

--
-- Table structure for table `cfield_node_types`
--

DROP TABLE IF EXISTS `cfield_node_types`;
/*!40101 SET @saved_cs_client     = @@character_set_client */;
/*!40101 SET character_set_client = utf8 */;
CREATE TABLE `cfield_node_types` (
  `field_id` int(10) NOT NULL DEFAULT '0',
  `node_type_id` int(10) NOT NULL DEFAULT '0',
  PRIMARY KEY (`field_id`,`node_type_id`),
  KEY `idx_custom_fields_assign` (`node_type_id`)
) ENGINE=MyISAM DEFAULT CHARSET=utf8;
/*!40101 SET character_set_client = @saved_cs_client */;

--
-- Dumping data for table `cfield_node_types`
--

LOCK TABLES `cfield_node_types` WRITE;
/*!40000 ALTER TABLE `cfield_node_types` DISABLE KEYS */;
/*!40000 ALTER TABLE `cfield_node_types` ENABLE KEYS */;
UNLOCK TABLES;

--
-- Table structure for table `cfield_testplan_design_values`
--

DROP TABLE IF EXISTS `cfield_testplan_design_values`;
/*!40101 SET @saved_cs_client     = @@character_set_client */;
/*!40101 SET character_set_client = utf8 */;
CREATE TABLE `cfield_testplan_design_values` (
  `field_id` int(10) NOT NULL DEFAULT '0',
  `link_id` int(10) NOT NULL DEFAULT '0' COMMENT 'point to testplan_tcversion id',
  `value` varchar(4000) NOT NULL DEFAULT '',
  PRIMARY KEY (`field_id`,`link_id`),
  KEY `idx_cfield_tplan_design_val` (`link_id`)
) ENGINE=MyISAM DEFAULT CHARSET=utf8;
/*!40101 SET character_set_client = @saved_cs_client */;

--
-- Dumping data for table `cfield_testplan_design_values`
--

LOCK TABLES `cfield_testplan_design_values` WRITE;
/*!40000 ALTER TABLE `cfield_testplan_design_values` DISABLE KEYS */;
/*!40000 ALTER TABLE `cfield_testplan_design_values` ENABLE KEYS */;
UNLOCK TABLES;

--
-- Table structure for table `cfield_testprojects`
--

DROP TABLE IF EXISTS `cfield_testprojects`;
/*!40101 SET @saved_cs_client     = @@character_set_client */;
/*!40101 SET character_set_client = utf8 */;
CREATE TABLE `cfield_testprojects` (
  `field_id` int(10) unsigned NOT NULL DEFAULT '0',
  `testproject_id` int(10) unsigned NOT NULL DEFAULT '0',
  `display_order` smallint(5) unsigned NOT NULL DEFAULT '1',
  `location` smallint(5) unsigned NOT NULL DEFAULT '1',
  `active` tinyint(1) NOT NULL DEFAULT '1',
  `required_on_design` tinyint(1) NOT NULL DEFAULT '0',
  `required_on_execution` tinyint(1) NOT NULL DEFAULT '0',
  PRIMARY KEY (`field_id`,`testproject_id`)
) ENGINE=MyISAM DEFAULT CHARSET=utf8;
/*!40101 SET character_set_client = @saved_cs_client */;

--
-- Dumping data for table `cfield_testprojects`
--

LOCK TABLES `cfield_testprojects` WRITE;
/*!40000 ALTER TABLE `cfield_testprojects` DISABLE KEYS */;
/*!40000 ALTER TABLE `cfield_testprojects` ENABLE KEYS */;
UNLOCK TABLES;

--
-- Table structure for table `custom_fields`
--

DROP TABLE IF EXISTS `custom_fields`;
/*!40101 SET @saved_cs_client     = @@character_set_client */;
/*!40101 SET character_set_client = utf8 */;
CREATE TABLE `custom_fields` (
  `id` int(10) NOT NULL AUTO_INCREMENT,
  `name` varchar(64) NOT NULL DEFAULT '',
  `label` varchar(64) NOT NULL DEFAULT '' COMMENT 'label to display on user interface',
  `type` smallint(6) NOT NULL DEFAULT '0',
  `possible_values` varchar(4000) NOT NULL DEFAULT '',
  `default_value` varchar(4000) NOT NULL DEFAULT '',
  `valid_regexp` varchar(255) NOT NULL DEFAULT '',
  `length_min` int(10) NOT NULL DEFAULT '0',
  `length_max` int(10) NOT NULL DEFAULT '0',
  `show_on_design` tinyint(3) unsigned NOT NULL DEFAULT '1' COMMENT '1=> show it during specification design',
  `enable_on_design` tinyint(3) unsigned NOT NULL DEFAULT '1' COMMENT '1=> user can write/manage it during specification design',
  `show_on_execution` tinyint(3) unsigned NOT NULL DEFAULT '0' COMMENT '1=> show it during test case execution',
  `enable_on_execution` tinyint(3) unsigned NOT NULL DEFAULT '0' COMMENT '1=> user can write/manage it during test case execution',
  `show_on_testplan_design` tinyint(3) unsigned NOT NULL DEFAULT '0',
  `enable_on_testplan_design` tinyint(3) unsigned NOT NULL DEFAULT '0',
  PRIMARY KEY (`id`),
  UNIQUE KEY `idx_custom_fields_name` (`name`)
) ENGINE=MyISAM DEFAULT CHARSET=utf8;
/*!40101 SET character_set_client = @saved_cs_client */;

--
-- Dumping data for table `custom_fields`
--

LOCK TABLES `custom_fields` WRITE;
/*!40000 ALTER TABLE `custom_fields` DISABLE KEYS */;
/*!40000 ALTER TABLE `custom_fields` ENABLE KEYS */;
UNLOCK TABLES;

--
-- Table structure for table `db_version`
--

DROP TABLE IF EXISTS `db_version`;
/*!40101 SET @saved_cs_client     = @@character_set_client */;
/*!40101 SET character_set_client = utf8 */;
CREATE TABLE `db_version` (
  `version` varchar(50) NOT NULL DEFAULT 'unknown',
  `upgrade_ts` datetime NOT NULL DEFAULT '0000-00-00 00:00:00',
  `notes` text
) ENGINE=MyISAM DEFAULT CHARSET=utf8;
/*!40101 SET character_set_client = @saved_cs_client */;

--
-- Dumping data for table `db_version`
--

LOCK TABLES `db_version` WRITE;
/*!40000 ALTER TABLE `db_version` DISABLE KEYS */;
INSERT INTO `db_version` VALUES ('DB 1.4','2011-04-28 10:18:48','TestLink 1.9.1');
/*!40000 ALTER TABLE `db_version` ENABLE KEYS */;
UNLOCK TABLES;

--
-- Table structure for table `events`
--

DROP TABLE IF EXISTS `events`;
/*!40101 SET @saved_cs_client     = @@character_set_client */;
/*!40101 SET character_set_client = utf8 */;
CREATE TABLE `events` (
  `id` int(10) unsigned NOT NULL AUTO_INCREMENT,
  `transaction_id` int(10) unsigned NOT NULL DEFAULT '0',
  `log_level` smallint(5) unsigned NOT NULL DEFAULT '0',
  `source` varchar(45) DEFAULT NULL,
  `description` text NOT NULL,
  `fired_at` int(10) unsigned NOT NULL DEFAULT '0',
  `activity` varchar(45) DEFAULT NULL,
  `object_id` int(10) unsigned DEFAULT NULL,
  `object_type` varchar(45) DEFAULT NULL,
  PRIMARY KEY (`id`),
  KEY `transaction_id` (`transaction_id`),
  KEY `fired_at` (`fired_at`)
) ENGINE=MyISAM AUTO_INCREMENT=15 DEFAULT CHARSET=utf8;
/*!40101 SET character_set_client = @saved_cs_client */;

--
-- Dumping data for table `events`
--

LOCK TABLES `events` WRITE;
/*!40000 ALTER TABLE `events` DISABLE KEYS */;
INSERT INTO `events` VALUES (1,1,16,'GUI','O:18:\"tlMetaStringHelper\":4:{s:5:\"label\";s:21:\"audit_login_succeeded\";s:6:\"params\";a:2:{i:0;s:5:\"admin\";i:1;s:9:\"127.0.0.1\";}s:13:\"bDontLocalize\";b:0;s:14:\"bDontFireEvent\";b:0;}',1303978873,'LOGIN',1,'users'),(2,2,2,'GUI','No project found: Assume a new installation and redirect to create it',1303978874,NULL,NULL,NULL),(3,3,2,'GUI','No project found: Assume a new installation and redirect to create it',1303979208,NULL,NULL,NULL),(4,4,2,'GUI','No project found: Assume a new installation and redirect to create it',1303979247,NULL,NULL,NULL),(5,5,16,'GUI','O:18:\"tlMetaStringHelper\":4:{s:5:\"label\";s:25:\"audit_testproject_created\";s:6:\"params\";a:1:{i:0;s:14:\"Sample Project\";}s:13:\"bDontLocalize\";b:0;s:14:\"bDontFireEvent\";b:0;}',1303979350,'CREATE',1,'testprojects'),(6,6,16,'GUI','O:18:\"tlMetaStringHelper\":4:{s:5:\"label\";s:18:\"audit_user_created\";s:6:\"params\";a:1:{i:0;s:6:\"leader\";}s:13:\"bDontLocalize\";b:0;s:14:\"bDontFireEvent\";b:0;}',1303979588,'CREATE',2,'users'),(7,7,16,'GUI','O:18:\"tlMetaStringHelper\":4:{s:5:\"label\";s:17:\"audit_user_logout\";s:6:\"params\";a:1:{i:0;s:5:\"admin\";}s:13:\"bDontLocalize\";b:0;s:14:\"bDontFireEvent\";b:0;}',1303979604,'LOGOUT',1,'users'),(8,8,16,'GUI','O:18:\"tlMetaStringHelper\":4:{s:5:\"label\";s:21:\"audit_login_succeeded\";s:6:\"params\";a:2:{i:0;s:6:\"leader\";i:1;s:9:\"127.0.0.1\";}s:13:\"bDontLocalize\";b:0;s:14:\"bDontFireEvent\";b:0;}',1303979612,'LOGIN',2,'users'),(9,9,16,'GUI','O:18:\"tlMetaStringHelper\":4:{s:5:\"label\";s:17:\"audit_user_logout\";s:6:\"params\";a:1:{i:0;s:6:\"leader\";}s:13:\"bDontLocalize\";b:0;s:14:\"bDontFireEvent\";b:0;}',1303979663,'LOGOUT',2,'users'),(10,10,16,'GUI','O:18:\"tlMetaStringHelper\":4:{s:5:\"label\";s:21:\"audit_login_succeeded\";s:6:\"params\";a:2:{i:0;s:5:\"admin\";i:1;s:9:\"127.0.0.1\";}s:13:\"bDontLocalize\";b:0;s:14:\"bDontFireEvent\";b:0;}',1303979672,'LOGIN',1,'users'),(11,11,16,'GUI','O:18:\"tlMetaStringHelper\":4:{s:5:\"label\";s:18:\"audit_user_created\";s:6:\"params\";a:1:{i:0;s:6:\"tester\";}s:13:\"bDontLocalize\";b:0;s:14:\"bDontFireEvent\";b:0;}',1303979740,'CREATE',3,'users'),(12,12,16,'GUI','O:18:\"tlMetaStringHelper\":4:{s:5:\"label\";s:16:\"audit_user_saved\";s:6:\"params\";a:1:{i:0;s:6:\"tester\";}s:13:\"bDontLocalize\";b:0;s:14:\"bDontFireEvent\";b:0;}',1303979773,'SAVE',3,'users'),(13,13,16,'GUI','O:18:\"tlMetaStringHelper\":4:{s:5:\"label\";s:17:\"audit_user_logout\";s:6:\"params\";a:1:{i:0;s:5:\"admin\";}s:13:\"bDontLocalize\";b:0;s:14:\"bDontFireEvent\";b:0;}',1303980768,'LOGOUT',1,'users'),(14,14,16,'GUI','O:18:\"tlMetaStringHelper\":4:{s:5:\"label\";s:21:\"audit_login_succeeded\";s:6:\"params\";a:2:{i:0;s:6:\"tester\";i:1;s:9:\"127.0.0.1\";}s:13:\"bDontLocalize\";b:0;s:14:\"bDontFireEvent\";b:0;}',1303980775,'LOGIN',3,'users');
/*!40000 ALTER TABLE `events` ENABLE KEYS */;
UNLOCK TABLES;

--
-- Table structure for table `execution_bugs`
--

DROP TABLE IF EXISTS `execution_bugs`;
/*!40101 SET @saved_cs_client     = @@character_set_client */;
/*!40101 SET character_set_client = utf8 */;
CREATE TABLE `execution_bugs` (
  `execution_id` int(10) unsigned NOT NULL DEFAULT '0',
  `bug_id` varchar(16) NOT NULL DEFAULT '0',
  PRIMARY KEY (`execution_id`,`bug_id`)
) ENGINE=MyISAM DEFAULT CHARSET=utf8;
/*!40101 SET character_set_client = @saved_cs_client */;

--
-- Dumping data for table `execution_bugs`
--

LOCK TABLES `execution_bugs` WRITE;
/*!40000 ALTER TABLE `execution_bugs` DISABLE KEYS */;
/*!40000 ALTER TABLE `execution_bugs` ENABLE KEYS */;
UNLOCK TABLES;

--
-- Table structure for table `executions`
--

DROP TABLE IF EXISTS `executions`;
/*!40101 SET @saved_cs_client     = @@character_set_client */;
/*!40101 SET character_set_client = utf8 */;
CREATE TABLE `executions` (
  `id` int(10) unsigned NOT NULL AUTO_INCREMENT,
  `build_id` int(10) NOT NULL DEFAULT '0',
  `tester_id` int(10) unsigned DEFAULT NULL,
  `execution_ts` datetime DEFAULT NULL,
  `status` char(1) DEFAULT NULL,
  `testplan_id` int(10) unsigned NOT NULL DEFAULT '0',
  `tcversion_id` int(10) unsigned NOT NULL DEFAULT '0',
  `tcversion_number` smallint(5) unsigned NOT NULL DEFAULT '1',
  `platform_id` int(10) unsigned NOT NULL DEFAULT '0',
  `execution_type` tinyint(1) NOT NULL DEFAULT '1' COMMENT '1 -> manual, 2 -> automated',
  `notes` text,
  PRIMARY KEY (`id`),
  KEY `executions_idx1` (`testplan_id`,`tcversion_id`,`platform_id`,`build_id`),
  KEY `executions_idx2` (`execution_type`)
) ENGINE=MyISAM DEFAULT CHARSET=utf8;
/*!40101 SET character_set_client = @saved_cs_client */;

--
-- Dumping data for table `executions`
--

LOCK TABLES `executions` WRITE;
/*!40000 ALTER TABLE `executions` DISABLE KEYS */;
/*!40000 ALTER TABLE `executions` ENABLE KEYS */;
UNLOCK TABLES;

--
-- Table structure for table `inventory`
--

DROP TABLE IF EXISTS `inventory`;
/*!40101 SET @saved_cs_client     = @@character_set_client */;
/*!40101 SET character_set_client = utf8 */;
CREATE TABLE `inventory` (
  `id` int(10) unsigned NOT NULL AUTO_INCREMENT,
  `testproject_id` int(10) unsigned NOT NULL,
  `owner_id` int(10) unsigned NOT NULL,
  `name` varchar(255) NOT NULL,
  `ipaddress` varchar(255) NOT NULL,
  `content` text,
  `creation_ts` timestamp NOT NULL DEFAULT CURRENT_TIMESTAMP,
  `modification_ts` timestamp NOT NULL DEFAULT '0000-00-00 00:00:00',
  PRIMARY KEY (`id`),
  KEY `inventory_idx1` (`testproject_id`)
) ENGINE=MyISAM DEFAULT CHARSET=utf8;
/*!40101 SET character_set_client = @saved_cs_client */;

--
-- Dumping data for table `inventory`
--

LOCK TABLES `inventory` WRITE;
/*!40000 ALTER TABLE `inventory` DISABLE KEYS */;
/*!40000 ALTER TABLE `inventory` ENABLE KEYS */;
UNLOCK TABLES;

--
-- Table structure for table `keywords`
--

DROP TABLE IF EXISTS `keywords`;
/*!40101 SET @saved_cs_client     = @@character_set_client */;
/*!40101 SET character_set_client = utf8 */;
CREATE TABLE `keywords` (
  `id` int(10) unsigned NOT NULL AUTO_INCREMENT,
  `keyword` varchar(100) NOT NULL DEFAULT '',
  `testproject_id` int(10) unsigned NOT NULL DEFAULT '0',
  `notes` text,
  PRIMARY KEY (`id`),
  KEY `testproject_id` (`testproject_id`),
  KEY `keyword` (`keyword`)
) ENGINE=MyISAM DEFAULT CHARSET=utf8;
/*!40101 SET character_set_client = @saved_cs_client */;

--
-- Dumping data for table `keywords`
--

LOCK TABLES `keywords` WRITE;
/*!40000 ALTER TABLE `keywords` DISABLE KEYS */;
/*!40000 ALTER TABLE `keywords` ENABLE KEYS */;
UNLOCK TABLES;

--
-- Table structure for table `milestones`
--

DROP TABLE IF EXISTS `milestones`;
/*!40101 SET @saved_cs_client     = @@character_set_client */;
/*!40101 SET character_set_client = utf8 */;
CREATE TABLE `milestones` (
  `id` int(10) unsigned NOT NULL AUTO_INCREMENT,
  `testplan_id` int(10) unsigned NOT NULL DEFAULT '0',
  `target_date` date DEFAULT NULL,
  `start_date` date NOT NULL DEFAULT '0000-00-00',
  `a` tinyint(3) unsigned NOT NULL DEFAULT '0',
  `b` tinyint(3) unsigned NOT NULL DEFAULT '0',
  `c` tinyint(3) unsigned NOT NULL DEFAULT '0',
  `name` varchar(100) NOT NULL DEFAULT 'undefined',
  PRIMARY KEY (`id`),
  UNIQUE KEY `name_testplan_id` (`name`,`testplan_id`),
  KEY `testplan_id` (`testplan_id`)
) ENGINE=MyISAM DEFAULT CHARSET=utf8;
/*!40101 SET character_set_client = @saved_cs_client */;

--
-- Dumping data for table `milestones`
--

LOCK TABLES `milestones` WRITE;
/*!40000 ALTER TABLE `milestones` DISABLE KEYS */;
/*!40000 ALTER TABLE `milestones` ENABLE KEYS */;
UNLOCK TABLES;

--
-- Table structure for table `node_types`
--

DROP TABLE IF EXISTS `node_types`;
/*!40101 SET @saved_cs_client     = @@character_set_client */;
/*!40101 SET character_set_client = utf8 */;
CREATE TABLE `node_types` (
  `id` int(10) unsigned NOT NULL AUTO_INCREMENT,
  `description` varchar(100) NOT NULL DEFAULT 'testproject',
  PRIMARY KEY (`id`)
) ENGINE=MyISAM AUTO_INCREMENT=11 DEFAULT CHARSET=utf8;
/*!40101 SET character_set_client = @saved_cs_client */;

--
-- Dumping data for table `node_types`
--

LOCK TABLES `node_types` WRITE;
/*!40000 ALTER TABLE `node_types` DISABLE KEYS */;
INSERT INTO `node_types` VALUES (1,'testproject'),(2,'testsuite'),(3,'testcase'),(4,'testcase_version'),(5,'testplan'),(6,'requirement_spec'),(7,'requirement'),(8,'requirement_version'),(9,'testcase_step'),(10,'requirement_revision');
/*!40000 ALTER TABLE `node_types` ENABLE KEYS */;
UNLOCK TABLES;

--
-- Table structure for table `nodes_hierarchy`
--

DROP TABLE IF EXISTS `nodes_hierarchy`;
/*!40101 SET @saved_cs_client     = @@character_set_client */;
/*!40101 SET character_set_client = utf8 */;
CREATE TABLE `nodes_hierarchy` (
  `id` int(10) unsigned NOT NULL AUTO_INCREMENT,
  `name` varchar(100) DEFAULT NULL,
  `parent_id` int(10) unsigned DEFAULT NULL,
  `node_type_id` int(10) unsigned NOT NULL DEFAULT '1',
  `node_order` int(10) unsigned DEFAULT NULL,
  PRIMARY KEY (`id`),
  KEY `pid_m_nodeorder` (`parent_id`,`node_order`)
) ENGINE=MyISAM AUTO_INCREMENT=5 DEFAULT CHARSET=utf8;
/*!40101 SET character_set_client = @saved_cs_client */;

--
-- Dumping data for table `nodes_hierarchy`
--

LOCK TABLES `nodes_hierarchy` WRITE;
/*!40000 ALTER TABLE `nodes_hierarchy` DISABLE KEYS */;
INSERT INTO `nodes_hierarchy` VALUES (1,'Sample Project',NULL,1,1),(2,'First Testsuite',1,2,1),(3,'Second testsuite',1,2,2),(4,'First Testsuite\'s child',2,2,1);
/*!40000 ALTER TABLE `nodes_hierarchy` ENABLE KEYS */;
UNLOCK TABLES;

--
-- Table structure for table `object_keywords`
--

DROP TABLE IF EXISTS `object_keywords`;
/*!40101 SET @saved_cs_client     = @@character_set_client */;
/*!40101 SET character_set_client = utf8 */;
CREATE TABLE `object_keywords` (
  `id` int(10) unsigned NOT NULL AUTO_INCREMENT,
  `fk_id` int(10) unsigned NOT NULL DEFAULT '0',
  `fk_table` varchar(30) DEFAULT '',
  `keyword_id` int(10) unsigned NOT NULL DEFAULT '0',
  PRIMARY KEY (`id`)
) ENGINE=MyISAM DEFAULT CHARSET=utf8;
/*!40101 SET character_set_client = @saved_cs_client */;

--
-- Dumping data for table `object_keywords`
--

LOCK TABLES `object_keywords` WRITE;
/*!40000 ALTER TABLE `object_keywords` DISABLE KEYS */;
/*!40000 ALTER TABLE `object_keywords` ENABLE KEYS */;
UNLOCK TABLES;

--
-- Table structure for table `platforms`
--

DROP TABLE IF EXISTS `platforms`;
/*!40101 SET @saved_cs_client     = @@character_set_client */;
/*!40101 SET character_set_client = utf8 */;
CREATE TABLE `platforms` (
  `id` int(10) unsigned NOT NULL AUTO_INCREMENT,
  `name` varchar(100) NOT NULL,
  `testproject_id` int(10) unsigned NOT NULL,
  `notes` text NOT NULL,
  PRIMARY KEY (`id`),
  UNIQUE KEY `idx_platforms` (`testproject_id`,`name`)
) ENGINE=MyISAM DEFAULT CHARSET=utf8;
/*!40101 SET character_set_client = @saved_cs_client */;

--
-- Dumping data for table `platforms`
--

LOCK TABLES `platforms` WRITE;
/*!40000 ALTER TABLE `platforms` DISABLE KEYS */;
/*!40000 ALTER TABLE `platforms` ENABLE KEYS */;
UNLOCK TABLES;

--
-- Table structure for table `req_coverage`
--

DROP TABLE IF EXISTS `req_coverage`;
/*!40101 SET @saved_cs_client     = @@character_set_client */;
/*!40101 SET character_set_client = utf8 */;
CREATE TABLE `req_coverage` (
  `req_id` int(10) NOT NULL,
  `testcase_id` int(10) NOT NULL,
  KEY `req_testcase` (`req_id`,`testcase_id`)
) ENGINE=MyISAM DEFAULT CHARSET=utf8 COMMENT='relation test case ** requirements';
/*!40101 SET character_set_client = @saved_cs_client */;

--
-- Dumping data for table `req_coverage`
--

LOCK TABLES `req_coverage` WRITE;
/*!40000 ALTER TABLE `req_coverage` DISABLE KEYS */;
/*!40000 ALTER TABLE `req_coverage` ENABLE KEYS */;
UNLOCK TABLES;

--
-- Table structure for table `req_relations`
--

DROP TABLE IF EXISTS `req_relations`;
/*!40101 SET @saved_cs_client     = @@character_set_client */;
/*!40101 SET character_set_client = utf8 */;
CREATE TABLE `req_relations` (
  `id` int(10) unsigned NOT NULL AUTO_INCREMENT,
  `source_id` int(10) unsigned NOT NULL,
  `destination_id` int(10) unsigned NOT NULL,
  `relation_type` smallint(5) unsigned NOT NULL DEFAULT '1',
  `author_id` int(10) unsigned DEFAULT NULL,
  `creation_ts` timestamp NOT NULL DEFAULT CURRENT_TIMESTAMP,
  PRIMARY KEY (`id`)
) ENGINE=MyISAM DEFAULT CHARSET=utf8;
/*!40101 SET character_set_client = @saved_cs_client */;

--
-- Dumping data for table `req_relations`
--

LOCK TABLES `req_relations` WRITE;
/*!40000 ALTER TABLE `req_relations` DISABLE KEYS */;
/*!40000 ALTER TABLE `req_relations` ENABLE KEYS */;
UNLOCK TABLES;

--
-- Table structure for table `req_revisions`
--

DROP TABLE IF EXISTS `req_revisions`;
/*!40101 SET @saved_cs_client     = @@character_set_client */;
/*!40101 SET character_set_client = utf8 */;
CREATE TABLE `req_revisions` (
  `parent_id` int(10) unsigned NOT NULL,
  `id` int(10) unsigned NOT NULL,
  `revision` smallint(5) unsigned NOT NULL DEFAULT '1',
  `req_doc_id` varchar(64) DEFAULT NULL,
  `name` varchar(100) DEFAULT NULL,
  `scope` text,
  `status` char(1) NOT NULL DEFAULT 'V',
  `type` char(1) DEFAULT NULL,
  `active` tinyint(1) NOT NULL DEFAULT '1',
  `is_open` tinyint(1) NOT NULL DEFAULT '1',
  `expected_coverage` int(10) NOT NULL DEFAULT '1',
  `log_message` text,
  `author_id` int(10) unsigned DEFAULT NULL,
  `creation_ts` timestamp NOT NULL DEFAULT CURRENT_TIMESTAMP,
  `modifier_id` int(10) unsigned DEFAULT NULL,
  `modification_ts` datetime NOT NULL DEFAULT '0000-00-00 00:00:00',
  PRIMARY KEY (`id`),
  UNIQUE KEY `req_revisions_uidx1` (`parent_id`,`revision`)
) ENGINE=MyISAM DEFAULT CHARSET=utf8;
/*!40101 SET character_set_client = @saved_cs_client */;

--
-- Dumping data for table `req_revisions`
--

LOCK TABLES `req_revisions` WRITE;
/*!40000 ALTER TABLE `req_revisions` DISABLE KEYS */;
/*!40000 ALTER TABLE `req_revisions` ENABLE KEYS */;
UNLOCK TABLES;

--
-- Table structure for table `req_specs`
--

DROP TABLE IF EXISTS `req_specs`;
/*!40101 SET @saved_cs_client     = @@character_set_client */;
/*!40101 SET character_set_client = utf8 */;
CREATE TABLE `req_specs` (
  `id` int(10) unsigned NOT NULL,
  `testproject_id` int(10) unsigned NOT NULL,
  `doc_id` varchar(64) NOT NULL,
  `scope` text,
  `total_req` int(10) NOT NULL DEFAULT '0',
  `type` char(1) DEFAULT 'n',
  `author_id` int(10) unsigned DEFAULT NULL,
  `creation_ts` timestamp NOT NULL DEFAULT CURRENT_TIMESTAMP,
  `modifier_id` int(10) unsigned DEFAULT NULL,
  `modification_ts` datetime NOT NULL DEFAULT '0000-00-00 00:00:00',
  PRIMARY KEY (`id`),
  UNIQUE KEY `req_spec_uk1` (`doc_id`,`testproject_id`),
  KEY `testproject_id` (`testproject_id`)
) ENGINE=MyISAM DEFAULT CHARSET=utf8 COMMENT='Dev. Documents (e.g. System Requirements Specification)';
/*!40101 SET character_set_client = @saved_cs_client */;

--
-- Dumping data for table `req_specs`
--

LOCK TABLES `req_specs` WRITE;
/*!40000 ALTER TABLE `req_specs` DISABLE KEYS */;
/*!40000 ALTER TABLE `req_specs` ENABLE KEYS */;
UNLOCK TABLES;

--
-- Table structure for table `req_versions`
--

DROP TABLE IF EXISTS `req_versions`;
/*!40101 SET @saved_cs_client     = @@character_set_client */;
/*!40101 SET character_set_client = utf8 */;
CREATE TABLE `req_versions` (
  `id` int(10) unsigned NOT NULL,
  `version` smallint(5) unsigned NOT NULL DEFAULT '1',
  `revision` smallint(5) unsigned NOT NULL DEFAULT '1',
  `scope` text,
  `status` char(1) NOT NULL DEFAULT 'V',
  `type` char(1) DEFAULT NULL,
  `active` tinyint(1) NOT NULL DEFAULT '1',
  `is_open` tinyint(1) NOT NULL DEFAULT '1',
  `expected_coverage` int(10) NOT NULL DEFAULT '1',
  `author_id` int(10) unsigned DEFAULT NULL,
  `creation_ts` timestamp NOT NULL DEFAULT CURRENT_TIMESTAMP,
  `modifier_id` int(10) unsigned DEFAULT NULL,
  `modification_ts` datetime NOT NULL DEFAULT '0000-00-00 00:00:00',
  `log_message` text,
  PRIMARY KEY (`id`)
) ENGINE=MyISAM DEFAULT CHARSET=utf8;
/*!40101 SET character_set_client = @saved_cs_client */;

--
-- Dumping data for table `req_versions`
--

LOCK TABLES `req_versions` WRITE;
/*!40000 ALTER TABLE `req_versions` DISABLE KEYS */;
/*!40000 ALTER TABLE `req_versions` ENABLE KEYS */;
UNLOCK TABLES;

--
-- Table structure for table `requirements`
--

DROP TABLE IF EXISTS `requirements`;
/*!40101 SET @saved_cs_client     = @@character_set_client */;
/*!40101 SET character_set_client = utf8 */;
CREATE TABLE `requirements` (
  `id` int(10) unsigned NOT NULL,
  `srs_id` int(10) unsigned NOT NULL,
  `req_doc_id` varchar(64) NOT NULL,
  PRIMARY KEY (`id`),
  UNIQUE KEY `requirements_req_doc_id` (`srs_id`,`req_doc_id`)
) ENGINE=MyISAM DEFAULT CHARSET=utf8;
/*!40101 SET character_set_client = @saved_cs_client */;

--
-- Dumping data for table `requirements`
--

LOCK TABLES `requirements` WRITE;
/*!40000 ALTER TABLE `requirements` DISABLE KEYS */;
/*!40000 ALTER TABLE `requirements` ENABLE KEYS */;
UNLOCK TABLES;

--
-- Table structure for table `rights`
--

DROP TABLE IF EXISTS `rights`;
/*!40101 SET @saved_cs_client     = @@character_set_client */;
/*!40101 SET character_set_client = utf8 */;
CREATE TABLE `rights` (
  `id` int(10) unsigned NOT NULL AUTO_INCREMENT,
  `description` varchar(100) NOT NULL DEFAULT '',
  PRIMARY KEY (`id`),
  UNIQUE KEY `rights_descr` (`description`)
) ENGINE=MyISAM AUTO_INCREMENT=28 DEFAULT CHARSET=utf8;
/*!40101 SET character_set_client = @saved_cs_client */;

--
-- Dumping data for table `rights`
--

LOCK TABLES `rights` WRITE;
/*!40000 ALTER TABLE `rights` DISABLE KEYS */;
INSERT INTO `rights` VALUES (1,'testplan_execute'),(2,'testplan_create_build'),(3,'testplan_metrics'),(4,'testplan_planning'),(5,'testplan_user_role_assignment'),(6,'mgt_view_tc'),(7,'mgt_modify_tc'),(8,'mgt_view_key'),(9,'mgt_modify_key'),(10,'mgt_view_req'),(11,'mgt_modify_req'),(12,'mgt_modify_product'),(13,'mgt_users'),(14,'role_management'),(15,'user_role_assignment'),(16,'mgt_testplan_create'),(17,'cfield_view'),(18,'cfield_management'),(19,'system_configuration'),(20,'mgt_view_events'),(21,'mgt_view_usergroups'),(22,'events_mgt'),(23,'testproject_user_role_assignment'),(24,'platform_management'),(25,'platform_view'),(26,'project_inventory_management'),(27,'project_inventory_view');
/*!40000 ALTER TABLE `rights` ENABLE KEYS */;
UNLOCK TABLES;

--
-- Table structure for table `risk_assignments`
--

DROP TABLE IF EXISTS `risk_assignments`;
/*!40101 SET @saved_cs_client     = @@character_set_client */;
/*!40101 SET character_set_client = utf8 */;
CREATE TABLE `risk_assignments` (
  `id` int(10) unsigned NOT NULL AUTO_INCREMENT,
  `testplan_id` int(10) unsigned NOT NULL DEFAULT '0',
  `node_id` int(10) unsigned NOT NULL DEFAULT '0',
  `risk` char(1) NOT NULL DEFAULT '2',
  `importance` char(1) NOT NULL DEFAULT 'M',
  PRIMARY KEY (`id`),
  UNIQUE KEY `risk_assignments_tplan_node_id` (`testplan_id`,`node_id`)
) ENGINE=MyISAM DEFAULT CHARSET=utf8;
/*!40101 SET character_set_client = @saved_cs_client */;

--
-- Dumping data for table `risk_assignments`
--

LOCK TABLES `risk_assignments` WRITE;
/*!40000 ALTER TABLE `risk_assignments` DISABLE KEYS */;
/*!40000 ALTER TABLE `risk_assignments` ENABLE KEYS */;
UNLOCK TABLES;

--
-- Table structure for table `role_rights`
--

DROP TABLE IF EXISTS `role_rights`;
/*!40101 SET @saved_cs_client     = @@character_set_client */;
/*!40101 SET character_set_client = utf8 */;
CREATE TABLE `role_rights` (
  `role_id` int(10) NOT NULL DEFAULT '0',
  `right_id` int(10) NOT NULL DEFAULT '0',
  PRIMARY KEY (`role_id`,`right_id`)
) ENGINE=MyISAM DEFAULT CHARSET=utf8;
/*!40101 SET character_set_client = @saved_cs_client */;

--
-- Dumping data for table `role_rights`
--

LOCK TABLES `role_rights` WRITE;
/*!40000 ALTER TABLE `role_rights` DISABLE KEYS */;
INSERT INTO `role_rights` VALUES (4,3),(4,6),(4,7),(4,8),(4,9),(4,10),(4,11),(5,3),(5,6),(5,8),(6,1),(6,2),(6,3),(6,6),(6,7),(6,8),(6,9),(6,11),(6,25),(6,27),(7,1),(7,3),(7,6),(7,8),(8,1),(8,2),(8,3),(8,4),(8,5),(8,6),(8,7),(8,8),(8,9),(8,10),(8,11),(8,12),(8,13),(8,14),(8,15),(8,16),(8,17),(8,18),(8,19),(8,20),(8,21),(8,22),(8,23),(8,24),(8,25),(8,26),(8,27),(9,1),(9,2),(9,3),(9,4),(9,5),(9,6),(9,7),(9,8),(9,9),(9,10),(9,11),(9,15),(9,16),(9,24),(9,25),(9,26),(9,27);
/*!40000 ALTER TABLE `role_rights` ENABLE KEYS */;
UNLOCK TABLES;

--
-- Table structure for table `roles`
--

DROP TABLE IF EXISTS `roles`;
/*!40101 SET @saved_cs_client     = @@character_set_client */;
/*!40101 SET character_set_client = utf8 */;
CREATE TABLE `roles` (
  `id` int(10) unsigned NOT NULL AUTO_INCREMENT,
  `description` varchar(100) NOT NULL DEFAULT '',
  `notes` text,
  PRIMARY KEY (`id`),
  UNIQUE KEY `role_rights_roles_descr` (`description`)
) ENGINE=MyISAM AUTO_INCREMENT=10 DEFAULT CHARSET=utf8;
/*!40101 SET character_set_client = @saved_cs_client */;

--
-- Dumping data for table `roles`
--

LOCK TABLES `roles` WRITE;
/*!40000 ALTER TABLE `roles` DISABLE KEYS */;
INSERT INTO `roles` VALUES (1,'<reserved system role 1>',NULL),(2,'<reserved system role 2>',NULL),(3,'<no rights>',NULL),(4,'test designer',NULL),(5,'guest',NULL),(6,'senior tester',NULL),(7,'tester',NULL),(8,'admin',NULL),(9,'leader',NULL);
/*!40000 ALTER TABLE `roles` ENABLE KEYS */;
UNLOCK TABLES;

--
-- Table structure for table `tcsteps`
--

DROP TABLE IF EXISTS `tcsteps`;
/*!40101 SET @saved_cs_client     = @@character_set_client */;
/*!40101 SET character_set_client = utf8 */;
CREATE TABLE `tcsteps` (
  `id` int(10) unsigned NOT NULL,
  `step_number` int(11) NOT NULL DEFAULT '1',
  `actions` text,
  `expected_results` text,
  `active` tinyint(1) NOT NULL DEFAULT '1',
  `execution_type` tinyint(1) NOT NULL DEFAULT '1' COMMENT '1 -> manual, 2 -> automated',
  PRIMARY KEY (`id`)
) ENGINE=MyISAM DEFAULT CHARSET=utf8;
/*!40101 SET character_set_client = @saved_cs_client */;

--
-- Dumping data for table `tcsteps`
--

LOCK TABLES `tcsteps` WRITE;
/*!40000 ALTER TABLE `tcsteps` DISABLE KEYS */;
/*!40000 ALTER TABLE `tcsteps` ENABLE KEYS */;
UNLOCK TABLES;

--
-- Table structure for table `tcversions`
--

DROP TABLE IF EXISTS `tcversions`;
/*!40101 SET @saved_cs_client     = @@character_set_client */;
/*!40101 SET character_set_client = utf8 */;
CREATE TABLE `tcversions` (
  `id` int(10) unsigned NOT NULL,
  `tc_external_id` int(10) unsigned DEFAULT NULL,
  `version` smallint(5) unsigned NOT NULL DEFAULT '1',
  `layout` smallint(5) unsigned NOT NULL DEFAULT '1',
  `status` smallint(5) unsigned NOT NULL DEFAULT '1',
  `summary` text,
  `preconditions` text,
  `importance` smallint(5) unsigned NOT NULL DEFAULT '2',
  `author_id` int(10) unsigned DEFAULT NULL,
  `creation_ts` timestamp NOT NULL DEFAULT CURRENT_TIMESTAMP,
  `updater_id` int(10) unsigned DEFAULT NULL,
  `modification_ts` datetime NOT NULL DEFAULT '0000-00-00 00:00:00',
  `active` tinyint(1) NOT NULL DEFAULT '1',
  `is_open` tinyint(1) NOT NULL DEFAULT '1',
  `execution_type` tinyint(1) NOT NULL DEFAULT '1' COMMENT '1 -> manual, 2 -> automated',
  PRIMARY KEY (`id`)
) ENGINE=MyISAM DEFAULT CHARSET=utf8;
/*!40101 SET character_set_client = @saved_cs_client */;

--
-- Dumping data for table `tcversions`
--

LOCK TABLES `tcversions` WRITE;
/*!40000 ALTER TABLE `tcversions` DISABLE KEYS */;
/*!40000 ALTER TABLE `tcversions` ENABLE KEYS */;
UNLOCK TABLES;

--
-- Table structure for table `testcase_keywords`
--

DROP TABLE IF EXISTS `testcase_keywords`;
/*!40101 SET @saved_cs_client     = @@character_set_client */;
/*!40101 SET character_set_client = utf8 */;
CREATE TABLE `testcase_keywords` (
  `testcase_id` int(10) unsigned NOT NULL DEFAULT '0',
  `keyword_id` int(10) unsigned NOT NULL DEFAULT '0',
  PRIMARY KEY (`testcase_id`,`keyword_id`)
) ENGINE=MyISAM DEFAULT CHARSET=utf8;
/*!40101 SET character_set_client = @saved_cs_client */;

--
-- Dumping data for table `testcase_keywords`
--

LOCK TABLES `testcase_keywords` WRITE;
/*!40000 ALTER TABLE `testcase_keywords` DISABLE KEYS */;
/*!40000 ALTER TABLE `testcase_keywords` ENABLE KEYS */;
UNLOCK TABLES;

--
-- Table structure for table `testplan_platforms`
--

DROP TABLE IF EXISTS `testplan_platforms`;
/*!40101 SET @saved_cs_client     = @@character_set_client */;
/*!40101 SET character_set_client = utf8 */;
CREATE TABLE `testplan_platforms` (
  `id` int(10) unsigned NOT NULL AUTO_INCREMENT,
  `testplan_id` int(10) unsigned NOT NULL,
  `platform_id` int(10) unsigned NOT NULL,
  PRIMARY KEY (`id`),
  UNIQUE KEY `idx_testplan_platforms` (`testplan_id`,`platform_id`)
) ENGINE=MyISAM DEFAULT CHARSET=utf8 COMMENT='Connects a testplan with platforms';
/*!40101 SET character_set_client = @saved_cs_client */;

--
-- Dumping data for table `testplan_platforms`
--

LOCK TABLES `testplan_platforms` WRITE;
/*!40000 ALTER TABLE `testplan_platforms` DISABLE KEYS */;
/*!40000 ALTER TABLE `testplan_platforms` ENABLE KEYS */;
UNLOCK TABLES;

--
-- Table structure for table `testplan_tcversions`
--

DROP TABLE IF EXISTS `testplan_tcversions`;
/*!40101 SET @saved_cs_client     = @@character_set_client */;
/*!40101 SET character_set_client = utf8 */;
CREATE TABLE `testplan_tcversions` (
  `id` int(10) unsigned NOT NULL AUTO_INCREMENT,
  `testplan_id` int(10) unsigned NOT NULL DEFAULT '0',
  `tcversion_id` int(10) unsigned NOT NULL DEFAULT '0',
  `node_order` int(10) unsigned NOT NULL DEFAULT '1',
  `urgency` smallint(5) NOT NULL DEFAULT '2',
  `platform_id` int(10) unsigned NOT NULL DEFAULT '0',
  `author_id` int(10) unsigned DEFAULT NULL,
  `creation_ts` timestamp NOT NULL DEFAULT CURRENT_TIMESTAMP,
  PRIMARY KEY (`id`),
  UNIQUE KEY `testplan_tcversions_tplan_tcversion` (`testplan_id`,`tcversion_id`,`platform_id`)
) ENGINE=MyISAM DEFAULT CHARSET=utf8;
/*!40101 SET character_set_client = @saved_cs_client */;

--
-- Dumping data for table `testplan_tcversions`
--

LOCK TABLES `testplan_tcversions` WRITE;
/*!40000 ALTER TABLE `testplan_tcversions` DISABLE KEYS */;
/*!40000 ALTER TABLE `testplan_tcversions` ENABLE KEYS */;
UNLOCK TABLES;

--
-- Table structure for table `testplans`
--

DROP TABLE IF EXISTS `testplans`;
/*!40101 SET @saved_cs_client     = @@character_set_client */;
/*!40101 SET character_set_client = utf8 */;
CREATE TABLE `testplans` (
  `id` int(10) unsigned NOT NULL,
  `testproject_id` int(10) unsigned NOT NULL DEFAULT '0',
  `notes` text,
  `active` tinyint(1) NOT NULL DEFAULT '1',
  `is_open` tinyint(1) NOT NULL DEFAULT '1',
  `is_public` tinyint(1) NOT NULL DEFAULT '1',
  PRIMARY KEY (`id`),
  KEY `testplans_testproject_id_active` (`testproject_id`,`active`)
) ENGINE=MyISAM DEFAULT CHARSET=utf8;
/*!40101 SET character_set_client = @saved_cs_client */;

--
-- Dumping data for table `testplans`
--

LOCK TABLES `testplans` WRITE;
/*!40000 ALTER TABLE `testplans` DISABLE KEYS */;
/*!40000 ALTER TABLE `testplans` ENABLE KEYS */;
UNLOCK TABLES;

--
-- Table structure for table `testprojects`
--

DROP TABLE IF EXISTS `testprojects`;
/*!40101 SET @saved_cs_client     = @@character_set_client */;
/*!40101 SET character_set_client = utf8 */;
CREATE TABLE `testprojects` (
  `id` int(10) unsigned NOT NULL,
  `notes` text,
  `color` varchar(12) NOT NULL DEFAULT '#9BD',
  `active` tinyint(1) NOT NULL DEFAULT '1',
  `option_reqs` tinyint(1) NOT NULL DEFAULT '0',
  `option_priority` tinyint(1) NOT NULL DEFAULT '0',
  `option_automation` tinyint(1) NOT NULL DEFAULT '0',
  `options` text,
  `prefix` varchar(16) NOT NULL,
  `tc_counter` int(10) unsigned NOT NULL DEFAULT '0',
  `is_public` tinyint(1) NOT NULL DEFAULT '1',
  PRIMARY KEY (`id`),
  UNIQUE KEY `testprojects_prefix` (`prefix`),
  KEY `testprojects_id_active` (`id`,`active`)
) ENGINE=MyISAM DEFAULT CHARSET=utf8;
/*!40101 SET character_set_client = @saved_cs_client */;

--
-- Dumping data for table `testprojects`
--

LOCK TABLES `testprojects` WRITE;
/*!40000 ALTER TABLE `testprojects` DISABLE KEYS */;
INSERT INTO `testprojects` VALUES (1,'<p>Project for test automation</p>','',1,0,0,0,'O:8:\"stdClass\":4:{s:19:\"requirementsEnabled\";i:1;s:19:\"testPriorityEnabled\";i:0;s:17:\"automationEnabled\";i:1;s:16:\"inventoryEnabled\";i:0;}','SP',0,1);
/*!40000 ALTER TABLE `testprojects` ENABLE KEYS */;
UNLOCK TABLES;

--
-- Table structure for table `testsuites`
--

DROP TABLE IF EXISTS `testsuites`;
/*!40101 SET @saved_cs_client     = @@character_set_client */;
/*!40101 SET character_set_client = utf8 */;
CREATE TABLE `testsuites` (
  `id` int(10) unsigned NOT NULL,
  `details` text,
  PRIMARY KEY (`id`)
) ENGINE=MyISAM DEFAULT CHARSET=utf8;
/*!40101 SET character_set_client = @saved_cs_client */;

--
-- Dumping data for table `testsuites`
--

LOCK TABLES `testsuites` WRITE;
/*!40000 ALTER TABLE `testsuites` DISABLE KEYS */;
INSERT INTO `testsuites` VALUES (2,'<p>My first testsuite</p>'),(3,'<p>A second one</p>'),(4,'<p>First one\'s child</p>');
/*!40000 ALTER TABLE `testsuites` ENABLE KEYS */;
UNLOCK TABLES;

--
-- Table structure for table `transactions`
--

DROP TABLE IF EXISTS `transactions`;
/*!40101 SET @saved_cs_client     = @@character_set_client */;
/*!40101 SET character_set_client = utf8 */;
CREATE TABLE `transactions` (
  `id` int(10) unsigned NOT NULL AUTO_INCREMENT,
  `entry_point` varchar(45) NOT NULL DEFAULT '',
  `start_time` int(10) unsigned NOT NULL DEFAULT '0',
  `end_time` int(10) unsigned NOT NULL DEFAULT '0',
  `user_id` int(10) unsigned NOT NULL DEFAULT '0',
  `session_id` varchar(45) DEFAULT NULL,
  PRIMARY KEY (`id`)
) ENGINE=MyISAM AUTO_INCREMENT=15 DEFAULT CHARSET=utf8;
/*!40101 SET character_set_client = @saved_cs_client */;

--
-- Dumping data for table `transactions`
--

LOCK TABLES `transactions` WRITE;
/*!40000 ALTER TABLE `transactions` DISABLE KEYS */;
INSERT INTO `transactions` VALUES (1,'/login.php',1303978873,1303978873,1,'k3v228no1gv2gutb5es42kkls6'),(2,'/lib/general/mainPage.php',1303978874,1303978874,1,'k3v228no1gv2gutb5es42kkls6'),(3,'/lib/general/mainPage.php',1303979208,1303979208,1,'k3v228no1gv2gutb5es42kkls6'),(4,'/lib/general/mainPage.php',1303979247,1303979247,1,'k3v228no1gv2gutb5es42kkls6'),(5,'/lib/project/projectEdit.php',1303979350,1303979350,1,'k3v228no1gv2gutb5es42kkls6'),(6,'/lib/usermanagement/usersEdit.php',1303979588,1303979588,1,'k3v228no1gv2gutb5es42kkls6'),(7,'/logout.php',1303979604,1303979604,1,'k3v228no1gv2gutb5es42kkls6'),(8,'/login.php',1303979612,1303979612,2,'k3v228no1gv2gutb5es42kkls6'),(9,'/logout.php',1303979663,1303979663,2,'k3v228no1gv2gutb5es42kkls6'),(10,'/login.php',1303979672,1303979672,1,'k3v228no1gv2gutb5es42kkls6'),(11,'/lib/usermanagement/usersEdit.php',1303979740,1303979740,1,'k3v228no1gv2gutb5es42kkls6'),(12,'/lib/usermanagement/usersEdit.php',1303979773,1303979773,1,'k3v228no1gv2gutb5es42kkls6'),(13,'/logout.php',1303980768,1303980768,1,'k3v228no1gv2gutb5es42kkls6'),(14,'/login.php',1303980775,1303980775,3,'k3v228no1gv2gutb5es42kkls6');
/*!40000 ALTER TABLE `transactions` ENABLE KEYS */;
UNLOCK TABLES;

--
-- Table structure for table `user_assignments`
--

DROP TABLE IF EXISTS `user_assignments`;
/*!40101 SET @saved_cs_client     = @@character_set_client */;
/*!40101 SET character_set_client = utf8 */;
CREATE TABLE `user_assignments` (
  `id` int(10) unsigned NOT NULL AUTO_INCREMENT,
  `type` int(10) unsigned NOT NULL DEFAULT '1',
  `feature_id` int(10) unsigned NOT NULL DEFAULT '0',
  `user_id` int(10) unsigned DEFAULT '0',
  `build_id` int(10) unsigned DEFAULT '0',
  `deadline_ts` datetime DEFAULT NULL,
  `assigner_id` int(10) unsigned DEFAULT '0',
  `creation_ts` timestamp NOT NULL DEFAULT CURRENT_TIMESTAMP,
  `status` int(10) unsigned DEFAULT '1',
  PRIMARY KEY (`id`),
  KEY `user_assignments_feature_id` (`feature_id`)
) ENGINE=MyISAM DEFAULT CHARSET=utf8;
/*!40101 SET character_set_client = @saved_cs_client */;

--
-- Dumping data for table `user_assignments`
--

LOCK TABLES `user_assignments` WRITE;
/*!40000 ALTER TABLE `user_assignments` DISABLE KEYS */;
/*!40000 ALTER TABLE `user_assignments` ENABLE KEYS */;
UNLOCK TABLES;

--
-- Table structure for table `user_group`
--

DROP TABLE IF EXISTS `user_group`;
/*!40101 SET @saved_cs_client     = @@character_set_client */;
/*!40101 SET character_set_client = utf8 */;
CREATE TABLE `user_group` (
  `id` int(10) unsigned NOT NULL AUTO_INCREMENT,
  `title` varchar(100) NOT NULL,
  `description` text,
  PRIMARY KEY (`id`),
  UNIQUE KEY `idx_user_group` (`title`)
) ENGINE=MyISAM DEFAULT CHARSET=utf8;
/*!40101 SET character_set_client = @saved_cs_client */;

--
-- Dumping data for table `user_group`
--

LOCK TABLES `user_group` WRITE;
/*!40000 ALTER TABLE `user_group` DISABLE KEYS */;
/*!40000 ALTER TABLE `user_group` ENABLE KEYS */;
UNLOCK TABLES;

--
-- Table structure for table `user_group_assign`
--

DROP TABLE IF EXISTS `user_group_assign`;
/*!40101 SET @saved_cs_client     = @@character_set_client */;
/*!40101 SET character_set_client = utf8 */;
CREATE TABLE `user_group_assign` (
  `usergroup_id` int(10) unsigned NOT NULL,
  `user_id` int(10) unsigned NOT NULL,
  UNIQUE KEY `idx_user_group_assign` (`usergroup_id`,`user_id`)
) ENGINE=MyISAM DEFAULT CHARSET=utf8;
/*!40101 SET character_set_client = @saved_cs_client */;

--
-- Dumping data for table `user_group_assign`
--

LOCK TABLES `user_group_assign` WRITE;
/*!40000 ALTER TABLE `user_group_assign` DISABLE KEYS */;
/*!40000 ALTER TABLE `user_group_assign` ENABLE KEYS */;
UNLOCK TABLES;

--
-- Table structure for table `user_testplan_roles`
--

DROP TABLE IF EXISTS `user_testplan_roles`;
/*!40101 SET @saved_cs_client     = @@character_set_client */;
/*!40101 SET character_set_client = utf8 */;
CREATE TABLE `user_testplan_roles` (
  `user_id` int(10) NOT NULL DEFAULT '0',
  `testplan_id` int(10) NOT NULL DEFAULT '0',
  `role_id` int(10) NOT NULL DEFAULT '0',
  PRIMARY KEY (`user_id`,`testplan_id`)
) ENGINE=MyISAM DEFAULT CHARSET=utf8;
/*!40101 SET character_set_client = @saved_cs_client */;

--
-- Dumping data for table `user_testplan_roles`
--

LOCK TABLES `user_testplan_roles` WRITE;
/*!40000 ALTER TABLE `user_testplan_roles` DISABLE KEYS */;
/*!40000 ALTER TABLE `user_testplan_roles` ENABLE KEYS */;
UNLOCK TABLES;

--
-- Table structure for table `user_testproject_roles`
--

DROP TABLE IF EXISTS `user_testproject_roles`;
/*!40101 SET @saved_cs_client     = @@character_set_client */;
/*!40101 SET character_set_client = utf8 */;
CREATE TABLE `user_testproject_roles` (
  `user_id` int(10) NOT NULL DEFAULT '0',
  `testproject_id` int(10) NOT NULL DEFAULT '0',
  `role_id` int(10) NOT NULL DEFAULT '0',
  PRIMARY KEY (`user_id`,`testproject_id`)
) ENGINE=MyISAM DEFAULT CHARSET=utf8;
/*!40101 SET character_set_client = @saved_cs_client */;

--
-- Dumping data for table `user_testproject_roles`
--

LOCK TABLES `user_testproject_roles` WRITE;
/*!40000 ALTER TABLE `user_testproject_roles` DISABLE KEYS */;
/*!40000 ALTER TABLE `user_testproject_roles` ENABLE KEYS */;
UNLOCK TABLES;

--
-- Table structure for table `users`
--

DROP TABLE IF EXISTS `users`;
/*!40101 SET @saved_cs_client     = @@character_set_client */;
/*!40101 SET character_set_client = utf8 */;
CREATE TABLE `users` (
  `id` int(10) unsigned NOT NULL AUTO_INCREMENT,
  `login` varchar(30) NOT NULL DEFAULT '',
  `password` varchar(32) NOT NULL DEFAULT '',
  `role_id` int(10) unsigned NOT NULL DEFAULT '0',
  `email` varchar(100) NOT NULL DEFAULT '',
  `first` varchar(30) NOT NULL DEFAULT '',
  `last` varchar(30) NOT NULL DEFAULT '',
  `locale` varchar(10) NOT NULL DEFAULT 'en_GB',
  `default_testproject_id` int(10) DEFAULT NULL,
  `active` tinyint(1) NOT NULL DEFAULT '1',
  `script_key` varchar(32) DEFAULT NULL,
  PRIMARY KEY (`id`),
  UNIQUE KEY `users_login` (`login`)
) ENGINE=MyISAM AUTO_INCREMENT=4 DEFAULT CHARSET=utf8 COMMENT='User information';
/*!40101 SET character_set_client = @saved_cs_client */;

--
-- Dumping data for table `users`
--

LOCK TABLES `users` WRITE;
/*!40000 ALTER TABLE `users` DISABLE KEYS */;
INSERT INTO `users` VALUES (1,'admin','21232f297a57a5a743894a0e4a801fc3',8,'','Testlink','Administrator','en_GB',NULL,1,NULL),(2,'leader','c444858e0aaeb727da73d2eae62321ad',9,'leader@example.com','Leader','Leader','en_GB',NULL,1,'720aba7a9dad75eeb87ce253c08f6be5'),(3,'tester','f5d1278e8109edd94e1e4197e04873b9',6,'tester@example.com','Tester','Tester','en_GB',NULL,1,'852a27080a2a52016f94ac8938a7c044');
/*!40000 ALTER TABLE `users` ENABLE KEYS */;
UNLOCK TABLES;
/*!40103 SET TIME_ZONE=@OLD_TIME_ZONE */;

/*!40101 SET SQL_MODE=@OLD_SQL_MODE */;
/*!40014 SET FOREIGN_KEY_CHECKS=@OLD_FOREIGN_KEY_CHECKS */;
/*!40014 SET UNIQUE_CHECKS=@OLD_UNIQUE_CHECKS */;
/*!40101 SET CHARACTER_SET_CLIENT=@OLD_CHARACTER_SET_CLIENT */;
/*!40101 SET CHARACTER_SET_RESULTS=@OLD_CHARACTER_SET_RESULTS */;
/*!40101 SET COLLATION_CONNECTION=@OLD_COLLATION_CONNECTION */;
/*!40111 SET SQL_NOTES=@OLD_SQL_NOTES */;

-- Dump completed on 2011-05-16 10:49:56
